{
  "name": "animate.css",
  "main": "./animate.css",
  "ignore": [
    ".*",
    "*.yml",
    "Gemfile",
    "Gemfile.lock",
    "*.md"
  ],
  "homepage": "https://github.com/daneden/animate.css",
  "version": "3.7.2",
  "_release": "3.7.2",
  "_resolution": {
    "type": "version",
    "tag": "3.7.2",
    "commit": "ab5fe9dae4fdb936eee698ce1850a263008f0a99"
  },
  "_source": "https://github.com/daneden/animate.css.git",
  "_target": "^3.7.2",
  "_originalSource": "animate.css",
  "_direct": true
}